{
  "mahasiswa": [
    {
      "namaLengkap": "Driyo Agung Leksono",
      "alamat": "Blora",
      "prodi": "Informatika",
      "usia": 20,
      "lulus": false,
      "mataKuliah": [
        "Pemrograman Website",
        "Algoritma Pemrograman",
        "Kapita Selekta"
      ],
      "nilai": {
        "Aljabar Linier": "AB",
        "Logika Matematika": "A"
      }
    },
    {
      "namaLengkap": "Budi Setiawan",
      "alamat": "Jln Pusaka Jawa No 12 Boyolali",
      "prodi": "Informatika",
      "usia": 21,
      "lulus": false,
      "mataKuliah": ["Jaringan Komputer", "Sistem Basis Data", "Skripsi"],
      "nilai": {
        "Aljabar Linier": "A",
        "Logika Matematika": "A"
      }
    }
  ]
}
